Iteration,Function Value
0,-1343.131864074099
1,-1775.9463584867956
2,-2041.6322851120217
3,-2181.1326332198637
4,-2324.675667550284
5,-2408.5248291168923
6,-2431.2090518777295
7,-2432.8324821626957
8,-2432.8662876594026
9,-2432.866326777652
