Iteration,Function Value
0,401.0
1,0.9950186915621587
2,0.9450444202387114
3,0.4806909198231874
4,0.36214406144305206
5,0.24442998782810024
6,0.12999415089583682
7,0.08321845299955463
8,0.03903953896357445
9,0.014711283433797214
10,0.004005062144716223
11,0.0005784005843096896
x_min,1.0548484162311655,1.1095481044419655
