Iteration,Function Value
0,810081.0
1,9172.755748550288
2,8.777801423403824
3,6.061425534046252
4,6.0449519835404075
5,6.044388047341768
x_min,-1.4586146207093427,2.1288455274722473
