Iteration,Function Value
0,401.0
1,50.79030339475503
2,13.674601346507673
3,0.2003045671485564
4,0.1997655255915457
x_min,1.4445419944224707,2.0918851846920243
