Iteration,Function Value
0,810081.0
1,9172.755748550288
2,271.3098858534971
3,154.44042274015618
4,16.959978360314782
5,16.74408545856875
6,16.743595117489317
x_min,-3.091055141240432,9.563197018782043
